user_id,name,review_count
zzpgpo54-_P-4rzzBtOuLQ,Aurélie,1563
eSlOI3GhroEtcbaD_nFXJQ,Jason,2518
U4INQZOPSUaj8hMjLlZ3KA,Michael,4308
XkLK2iBsgqF6mWwDfRgqqQ,Seong,1525
lConjPFTZqz4zWELK_EJtw,Keila,2097
Xj0O2l0bp633ebmG468aZw,Andrew,4652
WWWujmZ95y0a2RR5_kQ9sw,Curt,2375
HYQoxBC1y1DGPq6pGP09Tw,Matt,1947
CIZGlEw-Bp0rmkP8M6yQ9Q,Scott,2291
WG3w_73scm_JUWJ_3Lgn0Q,Jack,4534
6s-g2vFu12OemhiK3FJuOQ,Dave,2363
zUKeZNu4tCG56xjwWH54Vw,Bill,2396
oyXIV-9GRBBZrFydPCaR2w,Candace,1590
g3HFkZgloxLQCvoJ5Zs5gg,Jana,3044
G9Vb6yQ047TC3O_-GG4WZA,Connie,1540
-G7Zkl1wIWBBmD0KRy_sCw,Gerald,2429
hWDybu_KvYLSdEFzGrniTw,Bruce,10022
Mu6wz7_d6OBgRqkl4_NaXw,Kathleen,1536
hzKQOJI8-7TM-BstJpSVCA,Amanda,1571
ZYZNcugF3xUEGyLOVGiZ0Q,Carol,2759
Da_ZO8lKwIacljqKUJbAlw,Jill,1514
EiwxlbR8fb68lMgEXhcWKA,Lorrie,3023
HXOfPXPMvdXNpQ_l0RRjKw,Jeffrey,1939
OHVhLKw_uIE7saIt_S-udw,Mike,1550
syvwUKQJ4OYfmL_ixVLMeQ,Tina,4132
W7DHyQlY_kXls2iXt-_2Ag,Maggie,2830
NeXRy1C7PxS7bvIcQ3SymA,Shannon,2700
hYWwocw-J4KdyGLrUlOYXA,Felicia,1798
djxnI8Ux8ZYQJhiOQkrRhA,Abby,2158
WALNtcSZlONK4Yj-o3pzKA,Dan,2156
0QeJC2inz6P-OVzROU_LNw,Tram,2467
6JehEvdoCvZPJ_XIxnzIIw,Heather,1552
nzsv-p1O8gCfP3XijfQrIw,Anita,4065
UKU5x7fgNWzzdpCh3PqS0A,Canny,1589
ITa3vh5ERI90G_WP4SmGUQ,Peter,2939
eKUGKQRE-Ywi5dY55_zChg,Cherylynn,2190
G5LXEaxhQMF_BVjNHkVr7g,Nish,1889
-x1516ZG5GllZiBjDQlRkA,Rachel,1499
GHoG4X4FY8D8L563zzPX5w,Hannah,3956
EJPBXvEdaodsPQuYBT6low,Bobby,1537
UYcmGbelzRa0Q6JqzLoguw,Emily,1664
uWhC9eof98zPkvsalgaqJw,Madelyn,2358
cufhYFdyrUAt4SWe-m0grQ,Johnny,2246
CQUDh80m48xnzUkx-X5NAw,David,4027
dIIKEfOgo0KqUfGQvGikPg,Gabi,1932
TqEOK7uxaXj7SbJZKEktxw,Steve,1509
EDBTE8HMO-iN5hAi9B382A,Cindy,2022
ACUVZ4SiN0gni7dzVDm9EQ,Tiffany,2080
Lr-B-r-KF80yFy-2u336bw,Eugene,1890
qlC607Cyp0Mj91vDFvkp3Q,Nicole,1523
cJCYCEfDL4n5TgU9y8RTWg,Allister,1644
IU86PZPgTDCFwJEuAg2j7g,Danny,1976
y3FcL4bLy0eLlkb0SDPnBQ,Mel,1606
wZPizeBxMAyOSl0M0zuCjg,Jess,4302
ACwBMSJzgW6vOvV7vOrk8Q,Matthew,1692
76vIFZcC7owykCBjMfGVXg,Amy,2443
uZdFsE_aHbFBChgN6Xa8tw,Chris,1805
taPq7IxYskEWH7Vfc261pQ,Danielle,2615
rLCbMQmIuWnlI-IhIj51kQ,Ryan,1659
B7ecAeAIrXg7sgmabS38pg,Stephy,2606
pou3BbKsIozfH50rxmnMew,Brett,2192
lufa4bHQd3XLYQE1zXis0g,Lisa,1886
XCW5pJCDhvlW76XTSUEkIg,Ivy,1857
R1FVpAyl_BtxHBWdau2VLg,Mark,2167
CxDOIDnH8gp9KXzpBHJYXw,Jennifer,6314
Ve0LUwcrzxL7w0RYgY4Aaw,Katy,1988
kKTcYPz47sCDH1_ylnE4ZQ,Pegah,2506
Ma_gwnVShENgTuhHNpAvyQ,David,1717
3lUkFxUQKeMUYH7-z_kmjg,Angela,1800
orHVoIN1Oj_rK3KDqcGBIQ,D.,1524
adKonsQWY64vJYglPotH5Q,Stefanie,1889
nmdkHL2JKFx55T3nq5VziA,Nijole,7089
3XzhO2aJdvVtYhKOCJsPrg,Charley,2617
8ZryN_S-n48g6rsa3W3QtQ,Dani,2327
UVUIi0q38pAvsfuEEppe0Q,Stephen,2419
drrUNO_oPVFTCl0Piew-0Q,Rachel,1596
1O638BDK_fWuxgTVJwff-A,Rob,2388
RtGqdDBvvBCjcu5dUqwfzA,Shila,12390
7dnh9OrD8LekBwvachGH5Q,Darrell,1660
o2Or6xqxeWaE46tdzK0UGg,Lisa,2074
QJI9OSEn6ujRCtrX06vs1w,J,1982
NoOaVw8YAe4SlgWGLWMY8Q,Yan,1704
PLOYtrCMUFPHQe2IbYAd5g,Joanna,2429
JADdo9NEeO5Az9aOYbyvZA,Manda Bear,2027
eIa4QJXp5ZNmuFORnuPvDA,Ziyan,1995
oSN3M4_WKdlTsnpgqPDiBg,Steph,1775
BOU25_BWQnLdFJBKUe2XdQ,M,2127
mDBAmEsyxuVTTT70dK-dqA,Elsie,1689
xxB5F6TJ4J1MlNufCdqz2Q,Monica,1925
YMgZqBUAddmFErxLtCfK_w,Samantha,1789
ouODopBKF3AqfCkuQEnrDg,Danan,1843
itXMelaTleEjLIFWCJtnwg,Christina,1620
62GNFh5FySkA3MbrQmnqvg,Chad,2410
LPTq2-fZ9_TsG5o8lAWCGg,Vicky,1669
dHxvSPU6PZqX1LQRXajGDQ,Kimberly,1770
5BpJEC8YVi80ecWT5CtlfQ,Jenny,2513
PsF-A4zQ2n7o1SF6oUNjcw,Kymberli,1485
jipgimnSNp3qdK2dKUQvBg,Cat,1626
53bZ_EsXH71L7iFs5MP9_w,Cynthia,1988
mGAgc73bhiO_xXvpLy2Org,Carol,1481
3mNz5nQFTIBQm0oU5mBR0w,Michelangelo,2554
Bf87HcPERF9yiSjb2tQBqw,Kevin,1595
d67zTET_2IuVoWcUU0aWaQ,Janet,2088
4SJS_m-JXc0oASx6x5Mjkw,Min,2157
zvQ7B3KZuFOX7pYLsOxhpA,Ramona,1798
o4tYl3Hz0oDfpNn4k02DCw,Sandy,1614
rcU7ysY41qGppbw4pQgjqg,Damien,1790
mvK1pv-x0Z5rP4Hz9cWBWw,Betty,1642
fgwI3rYHOv1ipfVfCSx7pg,Emi,1690
ysCBsXWPB-LAiewVS3jZfQ,Jando,3517
UtmsHIyNNgeVZlm6CYLWjA,Sal,1663
AbMjnKOwg736fcIu8apuyQ,Michael,2609
Eypq5gLLjCapBVVnMw_MyA,Misha,4075
MurRkRS5aYaa1IfaRY20_Q,Denis,2028
X8XtoFBoAiHrw3rZ4v8cRQ,Corey,1543
gjhzKWsqCIrpEd9pevbKZw,Miriam,3148
Gfxb_D1k8tueAoGn4cseoA,Yuko,1472
shVyD312LNnLUvQEPdzo7g,Alison,1788
ILvXe0EWKAH45eyUUxlv0g,Emily,2255
4EkDs9ZvbnmwGhmm6bGH7A,Arnold,1618
I2qJvA0tbGdZJ3XrwzwfzA,Randoll,1457
j_orXueAYJBft-VUNbs1IA,Mark,1606
I-FmdvI28N7OIIt4JZOgIg,Tiffany,2177
cKJ0r01eF7E-tYp2FQOyRA,Michelle,1961
Xwnf20FKuikiHcSpcEbpKQ,Kenneth,6738
Vkj42md-5O3VoOD9pBg6Sw,Rick,1810
XYSDrIef7g4Gmp3lNFVO6A,Neal,4551
IzJ36jX6V6ky5BtoN-Agng,Chun,1519
6EHbIv5w2I4XbXs3dG_D1Q,David,2008
iCYMf_sHRevmzWg8la-LVw,Denise,2523
WWnhqRnWWjutMqh-2SzEuQ,Steph,3379
gqL5KBs2oS7qobnyd99iKg,Stacy,1638
08mOpJRCpZe3D8UHszP4FA,Ann,3061
jt49xjEjQisu6wTTGn6B3A,Annette,1563
m5cBT7OYfn0HM0d-RCsdZQ,Miika,1707
PcvbBOCOcs6_suRDH7TSTg,Juan,1631
pD4c0eVE0ImAgcag4w4-lA,Pauline,1552
0G-QF457q_0Z_jKqh6xWiA,Joi,1734
CyAl5D-GjX-ZtqdQqG4_ew,Dave,1494
V5Th21KjUiYLJQyV-vGtpg,Ben H,1628
QuZbJquRtbY9O9JrB9NpxQ,Jim,1668
LWwmuZJjI4jeB95fQGbG0Q,Shalini,1692
ot3m-jIwFMFFCMG1bkLZgQ,Ninette,1463
ir689oBNmrJXOspb4yq_Jg,Kim,1810
OgYi5x02MBukfxPNFe1ePg,Colleen,1516
7JpPvfDAE_14vA1xgFOFjw,Maria,3253
YRcaNlwQ6XXPFDXWtuMGdA,Chris,1897
V-FI5ytm8ZAe8Lo6wdTdBg,Thuong,1511
PKEzKWv_FktMm2mGPjwd0Q,Norm,2421
dsX3MiQiTy3OVI8MKn0I4w,Andy,1674
1HM81n6n4iPIFU5d2Lokhw,Shannon,1883
CCaQxW7i9Xn6fa-XZdhn3g,Opal,1515
bLbSNkLggFnqwNNzzq-Ijw,Stefany,4321
lCmvpQfFpdxhbWVM59eUCg,Jocelyn,1711
oeFiWvoOG0hpMOXXxblfyQ,Coty,1472
AHRrG3T1gJpHvtpZ-K0G_g,Brittany,1878
WNbVCtfq2lGMEwLDXyyd6A,Heejin,1860
o1_sfJ71nrq5QrF00v3Icw,Joe,1633
8RcEwGrFIgkt9WQ35E6SnQ,George,7750
5gbkhlWANGVzQYi_0m3vOQ,Jess,2541
Hi10sGSZNxQH3NLyWSZ1oA,Fox,6407
37HswRimgBEf7_US-c3CDA,Adrienne,2395
HGTdyEDygTqANThO64WDWQ,Steve,1856
a4mO387_O77ebmv8AlQB3A,Dave,2678
ZpUI9ze0YlA6nMSHwx3ZYQ,Derek,2167
nnwBdqGHIAJQ5QX9lHOtrQ,Hank,2743
qgXcgfdrk5tzmLBq4_h6mQ,James,1914
_cUtxCvCccwgNJzD5I0cDA,Kyle,1560
ncIHRw4Vx3Wh9mZhLZxB7g,Mindy,1668
W3Z5K5Ks4PJHo_RFexaqdA,Wendy,2100
JnGtgOPpkjyWOvWM0SYEXg,Hen,3296
w-w-k-QXosIKQ8HQVwU6IQ,Anthony,2741
ZBLZIOrO3DZJzDFlFO-bJw,Carlos,1628
j5ezF5mEGpnDwdTmAHci7Q,Albert,1934
mlXIzLHZ2RAw3MMzpBsFlA,Jon,2165
om5ZiponkpRqUNa3pVPiRg,Andrea,2619
K7thO1n-vZ9PFYiC7nTR2w,Yelper,1478
ELcQDlf69kb-ihJfxZyL0A,Brad,1642
IwHLuykqqmGVNHJ_UCwXWg,Marqus,3597
HFECrzYDpgbS5EmTBtj2zQ,Eric,5398
YttDgOC9AlM4HcAlDsbB2A,Phil,3285
UVxY0iyPaqY7s4BSFtt-xA,Wanugee,1935
cuVrNmt7_WtBn1uz5L_p0g,Mike,1721
-zuV9Du1HFHaQ6GnVyGWsQ,Katharine,1729
ncAOj5Xz-XS6bpSnTWp3tQ,Austin,1655
4u8zZaT5m7nO1WazdKA2sw,Nino,2127
d8KR5c1ievS0C53h4fhEeQ,Kevin,2016
lLfcbYGTeVxQN5Ig0ompJg,Elena,2848
1dQiuUvvK8427TBmqj_4Vg,Amy,2009
uIBhZTxEdOw1FRVpSJ45mQ,Franklin,1856
9U30DANobkrn3Zlu6T9p6Q,Jeff,1530
X_wC1rgLot5xYG1-fzEpaQ,Enrique,1535
kW2dk1CWihmh3g7k9N2G8A,Shradha,2165
RkVNb4DpKwehS3FAziAMVA,Kelly,1690
ZIOCmdFaMIF56FR-nWr_2A,Randy,2622
2l0O1EI1m0yWjFo2zSt71w,Shiho,2839
re3AdczLFP4D7xwI6DkBNA,Vicky,2750
DK57YibC5ShBmqQl97CKog,Karen,2340
1P9BpFZ_d3PGCdytDTYJCw,Solomon,2581
AX6_NL1_GTM2tcN9jn8mQw,Alice,1639
mgytZAasaiBf-END4aZD9w,Cat,1468
wzyGNvArcpUjZauRWFrKHA,Bill,2206
Ggx8iUdJ7lsQSqXRuclXtg,Nadine,2160
Um5bfs5DH6eizgjH3xZsvg,Dianna,2553
f8W2Qv9QosVaP-dRQwLEyw,Schel,1803
1wE7oHKgNOLPM0QWS3jm9w,Ed,1964
OapLWhQI4_Gm32-nYbHmUA,Yee Gan,2298
m07sy7eLtOjVdZ8oN9JKag,Ed,4400
kroQYWSj-BhIEXT4VwLRHA,David,1961
MnYfi2DODiZkLIwJFuwB2g,Bill,1622
cPcStFGBlk-6lWWsttIfVQ,Ee Vonn,1886
cRswprTqOiV1riVO25EqIw,Keiko,1590
EO1Cz15wYnHQ0aGc9T6tzw,Franco,2248
wce0tudXf9BCeWhQRr0TiA,Darya,1894
IyIsFkVY48JWa01inv-7zA,Rob,2318
GaTWkVy-pY6phZOqW6ykuw,Pete,1500
6tDMGnbO4m8ENlUvG7r0eA,Sean,1457
Zl1fJNTzNULZiqBRShxUYA,John,2235
A2N4y0VeZ-3TtmBVCSVVnQ,Demitri,1604
evDmfYHbxqDAy8_27bAUNg,Laura,1517
JTVSbPB1EjjMu05JwWCP3A,Dan,1615
pW9LvtC-hZ0PRAOUn7aZ2A,Matthew,2041
Z88N6qly3Dp5C06XbZ9IMQ,Janice,2310
Ryxj0u0AW3mRsRypdYli2A,Arnel,2229
cMEtAiW60I5wE_vLfTxoJQ,Jennifer,4190
OKX-V5j_qfuOebeHeWGrHg,Paul,1647
5aCEquYmXUIsWmpUp1gqxA,Kathleen,1600
npD9KeIpB7PX3OwBMxZ3EQ,Daisy,1504
Ed20T0T3jkAqVBBiyXju6A,Jen,2046
2HchhLgGj16aITZGVy0hqA,Yi,2977
5yGgNgkkNvsv6dYiA_whFw,Yonnie,2335
IhmBr-yHC8xLjdnoq7O37w,Amuse,2027
_H1VvAk65d2z-2-XuLHkmw,Jackie,1462
NIhcRW6DWvk1JQhDhXwgOQ,Lia,1921
fdwVdy6TuY1kjYeEPMZKVw,Deb,1495
SUAFCKtkx8RrQ6EgJQIVrw,GT,1904
TqXAebtAtO90ZmN_odc8mQ,Nora,2121
ajMm_rBqbKYALu-I8-__Kg,Brian,1868
tXhscxwFTd-ayLTdPx_2yA,Jonah,1556
U-blmCm_qUbibUUgqDSB_g,Juan,2258
es15UP55rfli8OTgYr7cZA,Mary,1697
9akppeqi5dnaIqPyJ75aCw,Mimi,2330
vXrUBAIN4aoCt7F5p0kU_g,Michelle,1980
b_Z2vamgc15EzlHeW9t6yA,Susan,1921
0CKo5RHHoN6AI7vSMnKV_g,Timmy,1840
gfyW0vuJls8ARoHmogfcmw,Marilyn,2003
lvGlIBv4xkHiQBnNOuRYZQ,J,1815
0dIvVs3PY64bE3PZF-8V8A,Lorraine,1674
GcdYgbaF75vj7RO6EZhPOQ,Kathleen,1863
l-tDF960t9BakjyH34XfTA,Tiffany,1799
nx5-LzxIVXlQrKpWL_3PVQ,Mary,1502
8rzqG5NLuDlnqE49USzvTw,Keven,1473
I9vkjKs1O5Ctf5gy0ry4yg,Brenda,2333
AGraTma9eEgsiJFDIy6tbg,Maile,1484
ibZIMJ55dvoqag4_JrQ4sw,MaryLou,1659
ybJkYYEBvFGVb-or4i9_oA,Rebecca,2277
mVA4IeYyVKPUWRrN5oplMA,Nat,2130
jpIGlAym6z88W2xzHiK5_A,Denise,2962
Xxvz5g67eaCr3emnkY5M6w,Jen,2164
bQCHF5rn5lMI9c5kEwCaNA,Vincent,4070
oW2bCSJ5bIHyRnoZvkHwDg,Uncle Fishbits Aeneas,1659
Rx7DNBmPPShVjlcQidGuTw,Helen,2440
_BHTC7nyCBoZcfiiD5cOXg,Gourmet,2100
2bHSZhM0huV8LRh3YHaOSQ,Jennifer,1767
d_TBs6J3twMy9GChqUEXkg,Jennifer,1929
IlGYj_XAMG3v75rfmtBs_Q,Dominik,2017
Ctrp5IoEKHkixDSIyYHDpw,Nick,1592
Dfu-NuG1YWB96jjBLIlsrA,Krysten,1590
xJpvRrk04rb4rgWtMXaPUQ,Kenny,3147
D2epirooWNjvwTI6MFhNGw,Susy,1733
tlY0QMQDyfjQAEwHnzvFnw,Ken,1690
VYOQLKuR0Ugy9lU-QiOuLw,Realtor Karl,1976
ic-tyi1jElL_umxZVh8KNA,Owen,1595
whINg-cC-FiAv_ATDGMDTg,PatrickJ,3057
U13tLFucJNz1fNv_Xgdj0g,Mel,2010
igaoaFNkX7ieMuyUBg0u5w,Leang,2096
hFJgRL0m1i1XFXVu7YxGTw,Jeremy,1534
VWJ8PSz6Sg5_AlBvQyGvpw,Mark,1514
v-HcprOKPC1_F5_15t4JDw,Christopher,1764
viwKpVVaOhWur77Sh4L4cw,Char,1608
rv9d5TcnnxuOCX7ole_Clg,Jon,1681
UOM1TCOUqT2UD19p-yxWLA,Ai,2028
i-DWCn1Xk5-exHi0mBDO1g,Esther,1600
9fe41Vmw245Eho1PghHHKw,Amy,1501
fiGqQ7pIGKyZ9G0RqWLMpg,Margret,1530
4m9NXICYBC5i9t4aTt-I6w,Jason,1510
AQGMTHae70n3MnONotAuYQ,Kathy,1474
eqwYJSlHsGYaotedCtdX0A,Justin,1738
oqCtfkf3IcwLF7A5iLlxlQ,Andrea,1938
TwjiWvK0ZP15lzGC049oIQ,Darylynn,1914
rDqapmGz04gIUH-mecYrJQ,Nicole,1781
CiYRhDyFbsDbWR45uv822w,Fannie,1829
hsu9lyXiAX5dQD4lLzYyyA,Fred,1524
kw4Q3Qfj_8WxjTNExSi1hw,Lili,2517
3_VJtoQDyvvhIDhnNaaL_A,Stefan,1738
hN03Wim4nDQ-824277aEsQ,Tyler,1601
kLm3B6LeboEZWX_4otpILA,Izzat,1471
ZRnsUs9q6DbeJbOLjCY4ZA,Kent,2239
UE-rXhA8njNnADFkDA3EuA,Inigo,2474
uIZWBUF9ovbXWG2dVJ6Zfw,Joe,1875
cKTA-iJbfrioKWFiDreghw,Tammy,1494
iwkoNii9w7LK2tNQJ6UCug,Joyce,1741
nl8gWLDo6U6MjqzbBmE_9A,Vivian,1618
SqVUNVeYJblyoUz4e-Fiqw,Joseph,1537
3UIa8YVjETNwJwnOl4SEdg,Vic,2665
qmVXmbchh1V-PYSpvWU_rw,Adam,1640
TmljCl6px9_1D-V1dEUR-w,Alf,1693
-3s52C4zL_DHRK0ULG6qtg,Sara,1663
Ug0ujy9-jd0Oc2nk3KIotA,Messer,2200
kS1MQHYwIfD0462PE61IBw,Rob,4888
-shHTy1CEmSMPVSehdASaw,Doctor,1862
PkNs-Rw6MHQfu6j5pBZMMw,Maria,2963
iLjMdZi0Tm7DQxX1C1_2dg,Ruggy,2411
ET8n-r7glWYqZhuR6GcdNw,Michelle,1928
s3kRi7b8t2sdtYcsMbqlJA,Jboogie,2331
LMPWMy_kvHjlUzVQ_9jz6A,Dung,1874
Q3q6jppP-2bYL-jRna_FSg,Monica,1876
baY9cJBx7oprSZNKA3BIHA,Shay,1516
yh8_9Ix1wp9dekvyOZbilQ,Christina,2086
WPl2gULxrrh_GoypMzHF-A,P,1595
IucvvxdQXXhjQ4z6Or6Nrw,Sunil,4710
3zxy3LVBV3ttxoYbY4rQ8A,Farrah,1753
o5STsEtfvD1Ig0J7Z-1uxA,Alex,1709
Dxdev0VPVFpNLvrpKzu8SQ,Elaine,1749
POAKZScwldLTMCtvezW5mA,Lisa,1725
ypm9IB9iZkwY71FKkYeLkg,Angela,1697
E_GAXhVA1_lVC2aFpMQElA,Alden,3752
NVei24-9k5GIZNRR1xGcRQ,Tom,1801
wEE-YMx5pmSuagLtNxMPKA,Stephanie,1697
SDytcPY5fiuuDbTkPE8GyA,Pinky And The,1467
SsgDGJWBNvefjY0z8XsVCQ,Kislev,1848
gf4tyQgQOtVMkOdvveRHVA,Henry,1507
ODsM6-_BvHt6-cqNylJn7g,Benny,1578
VHdY6oG2JPVNjihWhOooAQ,Jessica,1905
UsXqCXRZwSCSw0AT7y1uBg,Candice,2816
DS0Idr2XDhz5e7ZfSy0dYA,Ken,1498
nj3syiLs3lABLtPVyL0ivA,Javier,1994
Pf7FI0OukC_CEcCz0ZxoUw,Don,2344
s8nkbQAlrVPfg1u4anGKtw,Kelly,1558
Y6XH1iNsuuGAcO5nODI6rg,Michael,1880
sOhv5LHFsyf8t1JpgnocMQ,Denise,1769
yrWJ4YZWvFj_NDOvTRaAqA,Jessie,1642
YSfAlm6XNaym-JOrRjv3Tg,Kathleen,1627
AK_jwiwOcW4YU-dlh-uciQ,Kent,1647
0G-bcpdR48tfZy6koGUiTQ,Rhea,2067
PcgtOrx8nNChB__ccEPPDw,Andrew,1671
ya3mbvTaymecfrTc08SxhQ,Angela,1831
peuxbSQwXed-81cSqL7Ykw,Brittany,1590
jrMxBHW3SlUGVGYWvPsHWA,Char,1555
Xwn64gTZJhpV9SkMUkmuzw,Ryan,1544
kxA0vTDi1KABuA5Tgg1HKA,Erika,2032
k0m5nvgAIIA24t_iPZOAsw,Reed,1685
U9yWtQO_0LPjtaU9jN0JsA,Jean,1608
BZZKX1-LuWoruSstXPzanQ,Jaimee,1601
AvNmiWFeRlGg5LrhcSj6MA,Anthony,1523
1hWXgcDzfvFmWMpBsXfqHw,Juan,1506
8Zocr6jVED5JQEBvqwEBZw,Pasquale,1613
-FZBTkAZEXoP7CYvRV2ZwQ,William,1680
0Igx-a1wAstiBDerGxXk2A,Jen,2382
hcGgZ4PbKcM3K1clw7tEGA,Meg,2020
lmL1P6wJi0Z8Jg8DTPqawQ,Jeff,1775
FC1ZSB9fd4WlDMSAbEjq8Q,Stephanie,1574
B-s-8VUnuBjGTP3d01jsyw,Allie,2057
0zDHiDbj79uBOy3OAcE25A,Maruko,2280
LhFzr2vZDEc2KNHxuiHtIw,Cat,1513
fQcfRZkcOO-MXFYD5umf2w,Alan,1464
DICLJDdq0HpvOVYR5mB4gA,Eric,2685
Lu8y2ayxVlAzuJEVfVcH4w,Rebekah,2085
d_-ypwVYiP-DswClkAg8Iw,Anne Explores LA,1650
82dCHyU-ANOgdhxUgZsUeg,Marlon,2589
psvC7bj9A5Sn0NU3QVvE8Q,Daniel,1587
h2LtQ1s5X20d0yrdqUMJ0Q,Christopher,1618
vkxKfc-S4X7AvlMSL64ngw,Danny,1501
M1cMsRL4L7IUr9RILDywEQ,Matt,2201
gZ7mbHLlQsLd6S_i5U69tQ,Nicole,1618
sOzeK0dE0BYx4Mc8dmoenQ,Janet,2393
iztl5NRH01qvWA0LEICw8Q,Daren,1725
RlXfOTtpgTfcisRmukrGbw,Jenn,1629
6ce1NSAUt1Kr7efrLI8XQA,MICHELLE,2250
P3usQcIegPCl-cdH4IDirg,Sean,3038
IC0awH6Csw-25fQSfnwNiQ,Heiko,1788
fr1Hz2acAb3OaL3l6DyKNg,Boon,1940
lXKjU1d7uy4aG0c5dNTATw,Mika,2023
kZJWAY828P8QZTqVYzhTCg,Fancypants,2014
DHRupjFv4GyD0tEdj-QNjQ,Mike,1503
Rvn-Ymc8_9z4vbcm2ZwenQ,Ryna,1496
cVrM2BvOvPV0Vi_rC8kepQ,Dan,2321
10Xfhcdi9PZiYUoNbHn3jg,Maria,1585
w5bAI7USuCvyl8kZzj6sQw,Diana,1561
To0GTLW5MGZwOg5TxxZIQA,Ericka,1554
GMxzcQwOAbCKnoUVm5fwpA,JoseLuis,1486
1xJwMqmvVXPwY7yEVQIc-A,Jacob,2555
Yjer78RnYr7OCzirgdcOaw,Louis,2044
WG0kTEJJNfT1egnunxpsvQ,Ticha,1703
N1ZCuhN0EFevaIfn6uRTNQ,Alexandra,1985
LU7ikPXZ5R8tv4oNQZQkKw,Fatty,1863
5v1OwXLi9RgErLclZKxCEQ,Andy,1887
rm-oUeqX0T3-SvaoGw2UJA,Sophia,1465
pnfVIB7UhvCQ7X2K0Q2XIw,Retired,1461
w57Yn8npGhdDHmHFGKk2jA,Cheri,1557
UQa9RqoJZWAawzqN-2pT2Q,Francine,1781
5ju4tmqmdYS3QquclUxIkg,Sheri,1991
YbZg36FoMgkKcTEPae5siA,Amy,1799
VgtcRwMPiAEeuPsayXB4kA,Maximillian,2205
Dj77pkw_EZJvR-F4RIf_BQ,Jen,1462
sGJvx1MTsetDzsnrHfJHLg,Aaron,1699
UXbCcmkYGl3DH_Py5UOtbQ,Toni,2441
Dd6ElS2Cng3Qag_h4IQC-Q,Jennifer,1782
dArzYnlZh0gBLjA6YkJeoQ,Isabel,1500
swmrfBnaqU0nyJ3pFBfNgQ,Ry,1627
EvrT_21w6SsR7c5No-QcLQ,Christopher,1544
j4BMT5Oyrt15-pwK3cRSZw,Jen,1927
3HSmHE-FQZ7b2kyfa1e64A,William,1583
2hMNc8G87MGYw4PomxT8AQ,Cassie,1658
moNhelvHfXSh2BtlpGiDvw,Kristy,1514
_BcWyKQL16ndpBdggh2kNA,Karen,4006
hqojrGeufv6qYpN00R-OsA,William,1561
EID2miAhF8Z-XPHPzajhOA,Roger,1776
7ziWZULyiZv2TesYNMFf4g,Linda,1651
9zK9ZYmGa0ciHf2NlucboQ,Joshua,1481
SAfNyiLVgPZzp_aGpXnfwg,Chris,1648
BI4lPhrUpmEySIJUywjIjQ,Dee,1576
gfQqQYI5_hCAGEHlHXIz2Q,Cherie,1865
HVQKFDi-vZbawtmLMq3ZOw,Gab,1475
vx6BAchvzvetqHOOe3-sQg,J,1610
yz0s55qwi_WqVjmbyZ9ICw,Brian,1745
864nL0po2ldN8TPgbSiwOQ,Walter,1650
CJmtS1Uk1KSsY2MWol_E7g,Asuka,1566
j14WgRoU_-2ZE1aw1dXrJg,Daniel,3177
QnIrewrXxFnssw_gG1gF-Q,Sarah,2638
Wk3Ezdn1ChOPZYp7rkko8g,Carmen,2661
Txa_sNMUSHfNzHwaV034fQ,Amber,1604
A_OETe5Xr26FTNRPkRQ4zw,Nicole,1596
_pBzBgtCTN9PNUPfgPDI8A,Trina,2179
YS4pJyJjRURaiBgrlDeohg,Nick,1461
9VJa4yxtnLct0pN_1RcD_w,Jordan,2079
TylOr9YYTV3znqIvH7kdmQ,Ted,1687
9TT_mBR1xKn5I62vg1yu7w,Athena,1588
ZCgJbuBhHiGZd9yZ_kq6qg,Christopher Steven,1696
jH4i-q5cyHdLKDTJER0oew,Conor,1554
4MJ7go3WJwIcak_17vWw9w,Sarah,1552
7KVpIdVSWCzI5F7TGxQawA,Natasha,1505
GwlrUwkULm4ZLN-Kum5nag,Ian,3778
L6iAzwlfXc2WK7a6XxkviQ,Jim,1504
WecuAsHBDZGj7Z6_sJcQAw,Jason,3477
BPZEAoU0sB6CFGusTErUuA,Vince,1645
drzHAHTHFnThHW0R0rOdDQ,Nic,1692
fHH6b6yDm1PSoC0G7VPRdA,Ro,2216
MGPQVLsODMm9ZtYQW-g_OA,Jelena,1805
5MCBLBxr10NLUKZ4AboAMg,Colleen,2770
BUB_t_Rvzs1yPEzZipkWjw,Laura,1864
hzmTQMkTGTUQ-aRdKAcUzA,Andre,1710
Y3QU8Jj3lYuVa2LmunvnRg,Jen,1481
NOUfyJW-BAo_-Cbfo8edww,Lolia,2415
wCtf5_zG8EpWiBp_Oi7P0g,Sarah,1647
wZG2xlICfUkJiY1NdPJH2A,Naomi,1878
FZTkBavnUWVQRK3ULOxePQ,Greg,3631
6rb0JzTRvGMUFi3-v0c6Hw,Stephanie,1489
9GhiQOLaM6ZGrrFG-SppwQ,Bryan,1531
jT1japLeFEucHwEaEmFf5g,Ronald,2142
uDBnapEGywTQ0ovaCu7Orw,Shaji,1521
mIo2cFs_89a7i0DWHT9F-w,Courtney,2000
pRfWy61wU9e1nrCVrOEWLA,Richard,1458
QhpD_YU3_RDMKjkH5DXMYg,Gail,1485
gAvuqk1q2uAo2BJzZDLmDQ,Matt,1690
0Cwus8T5TL7AqKa3iAqyFw,Ma-e,1474
AyVI_VJ3My6ibiIkcLQYGw,O M,1812
lByMP4tkeruOw5HdjtXTpQ,Dennis,1580
qWYEuBZP7av55tewg3PXKg,Mary Kate,1920
DsHsuhUvyyW_75zFcJxkKw,Andrew,1469
mtVsTE9pyOsY2xCuRRFCvw,J,1482
qgLwRvE6JkK_KnbuT5AKmA,Marcus,2170
h7p-GuaHFGsiKCF4g6Bjqg,Alexis,2101
tgrs5VQ6thhouiEtMU-N_w,Edward,2433
aVaa64zb_-d6VTY3XcXyIQ,Jane,1827
KFiz7nL-lRFF-xIgOPZLkg,Richard,1735
y1PFtSTmU0YFqeXfXcLqdw,Donna,1504
8k3aO-mPeyhbR5HUucA5aA,Victor,13278
23J4vG9_xxxdnmi8CBX7Ng,Joan,1678
ZD84600Tw1WqeKpVuNiKzg,Vivian,1948
37cpUoM8hlkSQfReIEBd-Q,Mike,1634
P5bUL3Engv-2z6kKohB6qQ,Kim,9821
ILk4dRvuBf6Axfq3qBkoxw,Sadri,2238
iT1AA74QFn_a0Xq9-ggSGA,John L.,1818
wlWNPP84F70It_l6OP2_mA,John,1525
Rhvt5HoMG7mayNd437Vm2w,Chrysanthemum,1748
VL12EhEdT4OWqGq0nIqkzw,Mark,1634
Tqm7Wu7IBJ1td3Ab5ZpUhw,Brian,1998
LAX-mM-cOJ2ownL-waC8ww,Sean,1660
HpQ6AMW-v2iDFPOE6fkm0Q,Lolo,2035
xzWwfb0iVk4w8u1laXmuSg,Amy,1758
jwtTBTYuL8249q26lmJH6A,Jessica,1518
LtGu1ZOeK_OwAkDPIkIl4Q,Tom,1474
M9puGD3VU5FuhE60HklCvg,Ruth,2326
CxokSknwJgvxMmbHPdS0tA,Óscar,1930
XjrLnxoD8_OC9nnKg5H2_Q,Hideo,2006
6VytXlGLnQnXXCrhvT0AJw,Libby,1469
GCuDiPUKYxhgFHP5LqJa2Q,Gloria,1490
vYMvOTL31e0KbTo9Hd0tjg,Nick,1591
5hfKGSTC6gkamIfl6BZm6A,Matze,2815
